Time,BtO2,HR,SpO2,artDIA,artMAP,artSYS
13:35,77,108,94,66,94,167
13:36,77,109,94,62,89,163
13:37,76,110,94,61,89,163
13:38,77,109,94,61,89,164
13:39,76,110,94,65,95,173
13:40,77,109,94,65,94,170
13:41,77,109,94,64,92,167
13:42,77,109,94,64,94,171
13:43,77,109,94,62,91,165
13:44,78,110,94,64,94,166
13:45,77,109,94,65,94,171
13:46,77,110,94,64,94,170
13:47,78,110,94,64,93,164
13:48,77,111,94,69,98,170
13:49,76,110,93,66,92,155
13:50,78,110,94,68,95,159
13:51,77,110,94,69,98,161
13:52,76,111,93,67,93,153
13:53,76,110,93,68,93,154
13:54,76,112,93,68,98,176
13:55,76,111,93,64,92,165
13:56,76,111,93,67,95,170
13:57,78,112,93,65,93,165
13:58,76,111,92,64,90,161
13:59,76,112,93,67,96,167
14:00,76,112,92,66,92,160
14:01,79,112,92,64,88,152
14:02,77,112,92,63,86,146
14:03,76,111,92,62,89,159
14:04,76,112,92,64,90,161
14:05,78,112,91,62,89,157
14:06,77,111,92,63,88,154
14:07,77,111,91,60,87,157
14:08,76,111,92,64,91,162
14:09,75,112,91,62,89,156
14:10,76,113,91,61,89,158
14:11,77,112,90,63,89,159
14:12,76,112,90,59,86,154
14:13,75,112,90,63,88,155
14:14,75,112,91,61,86,152
14:15,75,113,91,61,89,157
14:16,74,112,91,63,88,155
14:17,75,113,90,65,89,156
14:18,75,112,91,64,89,155
14:19,75,111,91,62,86,150
14:20,75,111,90,61,84,146
14:21,75,111,91,64,89,154
14:22,74,112,91,60,85,150
14:23,74,111,90,62,86,148
14:24,73,111,90,62,87,149
14:25,74,112,90,62,85,150
14:26,74,110,90,66,88,152
14:27,75,111,90,64,85,146
14:28,73,112,90,63,84,143
14:29,73,108,90,61,81,137
14:30,74,107,88,43,87,144
14:31,73,107,92,69,94,162
14:32,72,106,89,62,86,153
14:33,73,106,88,57,83,151
14:34,71,97,86,74,99,159
14:35,72,108,87,58,84,148
14:36,73,107,87,62,87,150
14:37,74,107,88,61,89,156
14:38,74,107,90,62,86,150
14:39,74,104,91,59,84,150
14:40,74,106,92,57,82,147
14:41,74,106,90,56,81,145
14:42,74,106,90,58,82,143
14:43,75,108,92,58,83,142
14:44,75,106,91,57,80,137
14:45,74,108,91,56,82,143
14:46,73,107,91,57,80,139
14:47,72,106,91,55,76,131
14:48,73,107,91,54,73,126
14:49,74,107,90,54,73,127
14:50,74,108,91,52,74,130
14:51,74,108,91,51,72,124
14:52,73,106,91,54,74,127
14:53,72,107,91,55,74,127
14:54,73,105,91,53,72,126
14:55,73,104,91,53,74,130
14:56,74,108,91,57,78,135
14:57,73,106,91,55,75,130
14:58,73,106,91,52,73,125
14:59,72,106,91,51,68,114
15:00,73,106,91,53,71,121
15:01,73,107,91,55,75,125
15:02,72,106,91,56,77,127
15:03,73,108,91,51,72,119
15:04,73,104,92,53,72,119
15:05,73,106,92,52,71,116
15:06,73,105,91,50,68,112
15:07,73,105,91,47,68,113
15:08,73,106,91,53,70,113
15:09,74,104,91,49,67,108
15:10,73,105,91,50,68,109
15:11,74,105,90,52,69,111
15:12,74,104,90,48,64,103
15:13,72,103,91,46,64,103
15:14,74,105,91,51,65,102
15:15,73,103,91,48,63,99
15:16,73,105,91,48,62,96
15:17,74,106,91,52,66,102
15:18,73,103,90,48,62,94
15:19,72,104,91,49,61,92
15:20,73,105,91,46,60,86
15:21,72,104,90,47,60,90
15:22,71,104,91,50,62,92
15:23,72,104,91,50,62,95
15:24,71,104,91,47,61,93
15:25,71,102,91,44,57,86
15:26,72,103,91,45,58,88
15:27,71,103,91,45,57,85
15:28,71,104,91,46,58,84
15:29,71,102,91,47,58,79
15:30,71,104,91,45,58,86
15:31,70,103,91,46,56,82
15:32,70,103,91,43,55,78
15:33,70,101,91,43,54,74
15:34,70,102,90,43,54,73
15:35,71,100,90,44,56,77
15:36,70,101,91,46,58,79
15:37,70,98,91,49,60,84
15:38,70,100,91,50,62,88
15:39,69,98,91,53,61,73
15:40,69,97,91,55,65,79
15:41,69,96,92,49,61,89
15:42,69,97,91,50,63,90
15:43,70,98,91,51,65,93
15:44,70,96,91,53,67,91
15:45,69,97,91,53,65,92
15:46,69,97,91,55,68,95
15:47,69,94,91,54,67,92
15:48,70,95,92,56,66,82
15:49,70,96,92,64,74,90
15:50,69,98,92,51,66,98
15:51,69,97,92,50,65,97
15:52,70,95,92,48,64,97
15:53,69,97,92,50,65,97
15:54,70,96,92,49,64,96
15:55,71,97,92,49,64,95
15:56,70,96,92,49,64,95
15:57,71,98,92,51,66,98
15:58,71,97,92,49,64,94
15:59,68,97,93,50,65,98
16:00,69,99,89,59,78,119
16:01,70,93,89,60,77,109
16:02,71,95,89,63,82,124
16:03,70,98,89,64,81,120
16:04,69,97,89,66,84,125
16:05,70,100,89,64,82,122
16:06,70,99,89,63,82,122
16:07,71,100,89,64,82,121
16:08,71,99,89,63,81,121
16:09,70,102,89,67,86,127
16:10,71,101,89,65,83,123
16:11,71,100,89,62,80,119
16:12,70,101,89,64,81,119
16:13,71,100,89,63,80,120
16:14,69,101,90,65,83,125
16:15,71,101,89,67,86,129
16:16,73,101,90,64,83,124
16:17,71,101,90,66,85,129
16:18,69,100,90,68,88,137
16:19,71,100,90,67,87,135
16:20,70,101,90,67,89,136
16:21,71,100,90,65,85,131
16:22,72,102,90,68,89,137
16:23,70,102,90,68,88,135
16:24,70,101,91,67,88,135
16:25,71,101,90,69,90,138
16:26,70,102,91,69,91,137
16:27,71,102,91,69,91,136
16:28,72,103,91,69,90,138
16:29,72,101,91,67,87,133
16:30,71,101,90,68,90,139
16:31,72,101,90,66,86,134
16:32,70,100,90,66,86,134
16:33,71,102,90,65,86,135
16:34,71,100,90,66,86,134
16:35,70,101,90,66,85,134
16:36,72,99,90,66,87,139
16:37,70,96,90,68,88,139
16:38,70,98,90,65,86,133
16:39,70,101,89,69,90,140
16:40,70,102,89,70,91,142
16:41,70,102,90,70,91,141
16:42,71,102,89,68,90,138
16:43,70,102,89,69,90,138
16:44,72,102,90,66,87,136
16:45,71,104,89,68,90,140
16:46,71,102,89,69,90,140
16:47,72,103,90,64,84,132
16:48,71,102,89,66,88,137
16:49,72,101,89,63,85,134
16:50,73,103,89,65,86,135
16:51,72,103,89,63,83,129
16:52,73,103,89,61,81,127
16:53,72,102,90,61,81,128
16:54,71,104,89,63,83,130
16:55,72,105,89,64,84,131
16:56,73,103,89,61,80,125
16:57,73,103,90,63,81,128
16:58,72,103,89,60,79,124
16:59,72,103,90,62,81,128
17:00,73,103,90,62,82,130
17:01,73,103,89,64,83,132
17:02,72,101,91,60,82,136
17:03,72,133,91,59,79,133
17:04,72,100,91,57,75,122
17:05,74,98,89,57,77,119
17:06,75,99,91,59,78,120
17:07,76,97,95,60,82,135
17:08,75,100,94,58,79,125
17:09,74,100,94,59,79,125
17:10,75,98,94,55,75,118
17:11,75,99,94,55,74,116
17:12,75,101,94,58,79,125
17:13,75,101,94,57,77,120
17:14,75,100,94,56,75,116
17:15,75,102,94,57,75,116
17:16,76,101,94,54,72,111
17:17,75,102,94,54,73,111
17:18,75,102,94,54,71,109
17:19,77,101,93,51,67,101
17:20,75,101,94,50,67,101
17:21,75,102,93,52,68,102
17:22,75,101,93,52,69,104
17:23,77,101,93,50,66,98
17:24,76,102,93,50,66,98
17:25,75,102,93,49,65,97
17:26,76,103,93,52,68,101
17:27,76,100,93,48,63,95
17:28,75,103,93,54,70,105
17:29,75,103,93,52,67,100
17:30,75,101,93,49,65,98
17:31,75,101,93,51,67,102
17:32,74,102,93,52,68,103
17:33,75,102,93,53,69,103
17:34,75,101,93,50,66,100
17:35,75,102,93,51,66,98
17:36,75,102,93,51,66,99
17:37,76,103,93,52,67,100
17:38,76,102,93,52,66,97
17:39,75,104,93,53,67,101
17:40,75,101,93,50,64,95
17:41,75,103,93,50,65,97
17:42,75,102,93,50,65,96
17:43,76,103,93,53,68,101
17:44,74,100,93,48,62,93
17:45,74,101,93,48,62,92
17:46,75,103,93,49,63,94
17:47,74,102,93,52,67,98
17:48,74,102,93,49,65,95
17:49,75,101,93,49,63,94
17:50,75,102,93,51,66,98
17:51,75,102,93,56,72,106
17:52,73,101,93,55,71,106
17:53,75,99,93,55,72,106
17:54,75,101,93,54,70,103
17:55,76,100,93,55,73,106
17:56,75,98,93,51,68,98
17:57,74,98,93,48,64,94
17:58,76,101,93,49,63,89
17:59,75,101,93,48,62,89
18:00,75,100,93,51,64,87
18:01,75,103,93,49,64,97
18:02,75,100,92,47,62,93
18:03,75,101,93,47,61,91
18:04,74,100,92,49,63,93
18:05,75,99,92,50,64,92
18:06,76,99,93,50,63,83
18:07,74,98,93,48,56,61
18:08,74,98,92,44,54,62
18:09,75,100,92,42,55,83
18:10,75,101,92,NA,55,NA
18:11,75,101,92,42,55,81
18:12,74,99,92,48,62,89
18:13,73,97,92,56,65,81
18:14,73,97,92,47,63,97
18:15,73,98,92,44,59,89
18:16,75,99,92,41,55,80
18:17,74,99,92,48,62,92
18:18,73,96,92,52,68,101
18:19,74,95,93,53,70,104
18:20,73,93,93,53,70,105
18:21,74,93,93,53,71,106
18:22,73,91,93,55,75,113
18:23,73,94,93,52,70,105
18:24,74,94,93,52,70,105
18:25,75,94,93,53,71,106
18:26,74,94,93,54,71,106
18:27,74,92,93,53,71,107
18:28,73,93,93,54,71,106
18:29,73,94,93,55,72,109
18:30,74,93,93,53,71,108
18:31,74,92,93,52,70,106
18:32,74,94,93,54,72,110
18:33,74,92,93,52,70,106
18:34,75,94,93,54,72,109
18:35,73,94,93,54,71,110
18:36,73,93,93,54,72,110
18:37,74,93,93,53,71,109
18:38,74,92,93,52,70,108
18:39,75,93,93,54,71,109
18:40,74,92,93,53,70,108
18:41,74,93,93,53,71,110
18:42,75,92,93,53,70,109
18:43,74,92,93,53,71,110
18:44,73,93,93,55,74,114
18:45,73,94,93,56,75,115
18:46,73,94,93,54,73,113
18:47,75,93,93,54,72,113
18:48,74,94,93,52,69,106
18:49,74,94,93,54,71,109
18:50,74,92,93,54,72,111
18:51,74,93,93,54,72,109
18:52,75,93,93,56,75,116
18:53,74,92,93,53,71,111
18:54,74,95,93,57,75,116
18:55,75,94,93,55,73,114
18:56,74,95,93,58,76,116
18:57,75,93,93,55,73,111
18:58,74,94,93,56,74,112
18:59,74,95,93,57,73,111
19:00,74,94,93,56,73,110
19:01,75,94,93,54,72,107
19:02,76,95,94,56,74,111
19:03,75,93,93,54,71,103
19:04,75,95,93,55,70,96
19:05,76,93,94,53,70,98
19:06,75,95,93,56,74,107
19:07,76,95,94,56,74,111
19:08,75,96,93,55,73,108
19:09,75,94,94,55,72,108
19:10,75,96,93,55,73,110
19:11,76,96,93,56,74,111
19:12,74,96,94,54,72,110
19:13,76,98,94,57,76,117
19:14,76,98,94,57,76,118
19:15,76,98,94,58,77,118
19:16,75,101,94,59,78,122
19:17,76,101,94,61,81,125
19:18,77,98,94,58,77,121
19:19,76,97,94,61,79,121
19:20,76,98,94,62,80,122
19:21,76,96,94,60,78,118
19:22,76,96,94,60,78,115
19:23,75,95,94,60,77,111
19:24,77,94,93,64,77,116
19:25,75,95,93,62,78,116
19:26,75,96,94,60,77,118
19:27,75,95,94,60,76,115
19:28,75,94,94,66,78,113
19:29,75,94,93,63,77,114
19:30,76,94,93,64,78,111
19:31,76,94,94,62,76,107
19:32,74,94,93,61,74,105
19:33,76,95,93,60,73,104
19:34,76,95,94,56,72,105
19:35,75,93,94,58,75,113
19:36,75,95,94,54,73,111
19:37,75,94,93,55,73,111
19:38,75,93,93,55,72,107
19:39,74,93,94,55,73,110
19:40,75,94,94,55,72,104
19:41,76,93,93,57,73,106
19:42,76,93,93,58,75,110
19:43,76,93,93,56,73,109
19:44,74,93,NA,55,72,109
19:45,74,91,94,54,72,109
19:46,76,91,94,60,77,114
19:47,76,93,94,59,76,117
19:48,75,91,94,56,74,109
19:49,75,91,94,56,75,109
19:50,74,91,94,54,71,100
19:51,75,91,94,52,70,107
19:52,75,91,94,54,72,104
19:53,75,91,94,51,70,110
19:54,76,93,94,42,71,114
19:55,75,92,92,53,70,106
19:56,77,91,94,52,69,106
19:57,75,91,94,55,71,108
19:58,75,92,94,55,73,111
19:59,75,91,94,54,71,108
20:00,74,92,93,55,71,107
20:01,75,92,93,56,73,111
20:02,75,90,93,53,70,106
20:03,74,92,93,53,70,105
20:04,75,92,93,55,71,107
20:05,73,91,93,53,69,104
20:06,74,93,93,54,70,104
20:07,74,92,93,53,68,101
20:08,73,92,93,54,69,103
20:09,75,91,93,53,69,103
20:10,74,94,93,53,69,102
20:11,74,92,93,53,68,101
20:12,74,93,93,53,68,101
20:13,74,92,93,52,67,100
20:14,73,91,93,52,67,100
20:15,75,92,93,52,67,100
20:16,74,92,93,51,66,98
20:17,74,91,93,51,66,98
20:18,73,92,93,52,67,98
20:19,74,92,93,51,67,99
20:20,73,90,93,50,65,97
20:21,73,92,94,51,66,98
20:22,74,91,93,51,67,98
20:23,73,92,94,51,67,98
20:24,75,93,93,56,72,106
20:25,74,92,93,50,66,98
20:26,74,92,93,51,67,99
20:27,74,89,94,51,66,98
20:28,74,90,93,52,67,98
20:29,74,90,93,51,66,97
20:30,73,90,94,52,67,99
20:31,73,88,94,52,67,99
20:32,74,90,94,52,68,100
20:33,73,92,94,54,70,103
20:34,74,91,94,52,68,100
20:35,73,90,94,53,68,98
20:36,75,89,94,53,69,100
20:37,74,92,94,55,71,103
20:38,73,90,94,53,67,98
20:39,74,89,94,52,66,97
20:40,73,90,94,55,70,102
20:41,74,90,94,54,69,100
20:42,74,89,94,52,67,98
20:43,73,91,94,54,69,100
20:44,74,89,94,51,66,96
20:45,74,89,94,53,67,97
20:46,74,90,94,54,68,98
20:47,74,90,94,52,66,94
20:48,74,90,94,52,66,94
20:49,74,90,94,54,70,101
20:50,74,89,94,51,65,92
20:51,74,90,94,51,66,93
20:52,73,89,94,50,65,98
20:53,75,90,94,52,68,100
20:54,74,89,94,49,64,94
20:55,75,89,94,50,66,98
20:56,75,89,94,51,65,94
20:57,75,89,94,51,66,97
20:58,74,88,94,52,66,96
20:59,74,90,94,53,67,98
21:00,75,89,94,51,66,96
21:01,75,89,94,52,67,98
21:02,75,87,94,54,69,101
21:03,74,88,94,51,66,96
21:04,75,88,94,50,65,95
21:05,74,88,94,52,67,99
21:06,74,90,94,51,66,96
21:07,74,88,94,50,65,95
21:08,75,89,94,51,66,97
21:09,75,89,94,50,65,97
21:10,75,88,94,51,66,97
21:11,74,90,94,53,67,99
21:12,74,88,94,50,64,95
21:13,74,88,94,51,65,96
21:14,74,89,94,53,68,100
21:15,73,89,94,52,67,98
21:16,74,88,94,51,66,98
21:17,74,88,94,52,68,100
21:18,74,87,95,54,69,102
21:19,73,87,95,53,68,100
21:20,73,86,95,51,66,96
21:21,74,88,95,52,68,100
21:22,73,87,95,52,68,100
21:23,74,88,95,54,70,103
21:24,73,89,95,54,70,102
21:25,74,89,95,56,71,105
21:26,75,90,95,56,72,106
21:27,73,91,95,58,75,110
21:28,74,92,95,56,72,105
21:29,74,92,95,55,71,103
21:30,73,93,95,55,70,102
21:31,74,93,95,56,72,106
21:32,74,91,95,55,71,105
21:33,75,92,95,56,72,105
21:34,75,89,95,53,69,100
21:35,74,88,95,54,70,103
21:36,75,88,95,54,69,102
21:37,74,88,95,53,68,100
21:38,74,87,95,53,68,100
21:39,74,88,95,55,72,105
21:40,74,88,95,56,71,104
21:41,74,87,95,54,70,102
21:42,74,87,95,54,69,101
21:43,75,88,95,54,70,103
21:44,74,87,95,54,69,102
21:45,75,86,95,51,66,97
21:46,75,87,95,53,68,100
21:47,74,87,95,51,66,97
21:48,75,89,95,52,66,97
21:49,75,88,95,50,64,93
21:50,74,88,95,49,62,91
21:51,74,88,95,50,64,92
21:52,74,87,95,52,67,97
21:53,75,86,95,48,63,93
21:54,75,87,95,51,66,97
21:55,74,85,95,50,66,98
21:56,74,87,95,52,67,98
21:57,75,86,95,51,66,98
21:58,74,86,95,51,66,97
21:59,74,87,95,51,66,99
22:00,74,85,95,50,65,97
22:01,74,85,95,52,68,101
22:02,73,85,95,50,66,98
22:03,74,86,95,51,66,98
22:05,73,84,95,53,69,104
22:06,73,85,95,50,66,98
22:07,73,84,94,49,64,95
22:08,74,85,94,51,68,102
22:09,73,85,94,52,68,101
22:10,74,86,94,51,66,98
22:11,73,86,94,50,66,98
22:12,74,85,94,50,65,98
22:13,73,85,94,52,67,100
22:14,74,85,94,51,67,99
22:15,73,84,94,50,65,98
22:16,73,85,94,51,66,98
22:17,72,82,94,50,67,102
22:18,72,83,94,52,68,102
22:19,72,83,94,70,78,105
22:20,72,82,94,56,82,116
22:21,73,84,94,61,84,111
22:22,73,84,94,65,81,107
22:23,73,83,94,66,82,106
22:24,73,85,94,63,83,113
22:25,74,84,94,80,90,118
22:26,72,84,94,NA,83,NA
22:27,73,82,95,69,85,117
22:28,74,85,94,70,86,118
22:29,73,82,94,68,84,116
22:30,72,81,94,69,85,118
22:31,73,82,94,68,84,116
22:32,73,82,94,66,82,113
22:33,74,83,94,70,86,119
22:34,73,83,94,70,85,118
22:35,72,82,94,69,84,117
22:36,72,83,94,70,86,118
22:37,72,81,94,70,86,120
22:38,73,82,94,68,85,118
22:39,73,82,94,70,87,121
22:40,72,83,94,69,86,119
22:41,72,82,94,68,85,118
22:42,74,82,95,78,94,126
22:43,72,84,94,80,96,128
22:44,73,79,95,79,96,131
22:45,73,81,94,54,69,99
22:46,72,84,94,57,71,103
22:47,73,84,93,59,73,104
22:48,72,83,93,61,76,107
22:49,71,82,93,62,78,111
22:50,70,83,92,64,80,116
22:51,71,82,92,63,79,114
22:52,71,82,92,63,81,116
22:53,71,82,92,65,83,120
22:54,70,83,92,64,81,118
22:55,70,83,92,66,85,126
22:56,70,83,92,-10,73,136
22:57,71,83,92,60,78,116
22:58,70,84,92,60,77,115
22:59,71,85,91,55,70,104
23:00,71,82,91,59,76,113
23:01,71,84,92,59,76,112
23:02,71,85,92,58,75,112
23:03,72,86,92,59,75,112
23:04,72,85,92,60,77,116
23:05,71,85,93,58,74,110
23:06,72,84,93,61,78,120
23:07,71,85,93,60,78,117
23:08,72,84,93,61,79,120
23:09,71,84,93,60,79,121
23:10,72,84,94,60,78,119
23:11,72,85,94,60,78,117
23:12,73,86,93,61,78,118
23:13,72,85,93,61,80,121
23:14,73,85,93,62,80,119
23:15,72,85,94,61,80,119
23:16,71,84,94,61,80,122
23:17,72,83,94,60,79,119
23:18,72,83,94,59,78,117
23:19,72,85,94,60,79,118
23:20,72,86,94,60,78,116
23:21,73,84,94,60,78,117
23:22,73,84,94,59,77,116
23:23,73,84,94,61,80,122
23:24,72,82,94,60,80,124
23:25,72,83,95,61,81,125
23:26,71,80,94,66,86,126
23:27,71,84,94,80,102,142
23:28,71,84,NA,68,95,133
23:29,71,83,94,67,90,135
23:30,71,83,94,61,81,123
23:31,71,82,94,61,80,123
23:32,72,83,93,57,75,113
23:33,71,82,94,57,75,113
23:34,72,82,94,57,74,112
23:35,71,81,94,59,78,124
23:36,72,82,94,59,80,123
23:37,73,81,93,60,79,122
23:38,71,82,94,62,82,126
23:39,72,82,94,61,80,124
23:40,72,80,94,62,81,124
23:41,72,82,94,62,82,127
23:42,71,82,94,62,81,126
23:43,72,83,94,63,82,127
23:44,72,81,93,61,80,124
23:45,71,83,94,60,78,120
23:46,71,82,93,58,76,117
23:47,72,83,94,58,76,117
23:48,71,81,93,58,75,115
23:49,71,83,93,58,75,113
23:50,70,82,93,57,74,114
23:51,72,83,93,56,73,110
23:52,70,83,93,57,73,111
23:53,71,85,93,57,74,112
23:54,72,83,93,56,73,111
23:55,71,83,93,56,73,112
23:56,72,83,93,57,74,114
23:57,71,84,93,56,72,110
23:58,71,84,93,57,74,112
23:59,72,83,93,56,74,113
0:00,71,83,93,58,76,115
0:01,71,81,94,56,74,113
0:02,72,83,93,58,76,116
0:03,72,83,93,57,75,114
0:04,72,83,93,59,78,119
0:05,71,83,94,58,76,116
0:06,72,82,94,59,77,118
0:07,71,84,94,58,75,115
0:08,72,81,94,59,77,118
0:09,72,83,94,57,75,115
0:10,72,82,94,60,79,120
0:11,72,83,93,58,75,115
0:12,72,83,94,61,79,122
0:13,71,83,93,57,74,115
0:14,71,84,93,56,73,112
0:15,72,84,93,54,70,106
0:16,71,84,93,55,71,108
0:17,72,84,93,57,74,113
0:18,71,84,93,60,77,116
0:19,71,83,93,58,75,114
0:20,71,83,93,60,77,116
0:21,73,83,93,58,75,116
0:22,73,83,93,61,79,121
0:23,73,82,93,59,77,118
0:24,73,83,94,60,78,120
0:25,72,83,94,59,77,118
0:26,72,83,94,60,78,120
0:27,73,82,94,60,79,122
0:28,73,81,94,59,77,121
0:29,73,83,94,59,78,122
0:30,74,82,94,59,78,121
0:31,73,82,94,59,78,122
0:32,72,81,94,58,77,123
0:33,72,82,94,59,78,122
0:34,73,81,94,58,78,124
0:35,73,83,94,60,80,126
0:36,73,83,94,60,79,126
0:37,73,82,94,59,79,124
0:38,74,83,94,59,78,123
0:39,73,83,94,60,80,126
0:40,74,82,94,59,79,125
0:41,73,84,95,60,80,127
0:42,73,84,94,60,80,126
0:43,73,85,94,62,82,128
0:44,74,86,94,61,81,126
0:45,74,86,94,62,82,126
0:46,74,85,94,60,79,121
0:47,73,84,94,61,81,125
0:48,74,86,94,61,81,124
0:49,74,85,94,62,83,126
0:50,74,84,93,59,78,120
0:51,74,83,94,62,82,127
0:52,73,82,94,59,77,119
0:53,73,82,94,63,83,129
0:54,73,83,94,59,78,119
0:55,73,83,94,63,83,126
0:56,73,83,94,59,77,119
0:57,73,81,94,63,82,126
0:58,74,82,94,60,79,121
0:59,72,81,94,62,81,124
1:00,73,83,94,60,79,121
1:01,73,82,94,62,80,123
1:02,73,81,93,60,78,120
1:03,72,83,93,62,82,126
1:04,73,81,93,60,79,121
1:05,73,83,93,61,80,120
1:06,73,82,93,59,78,118
1:07,72,82,93,60,78,119
1:08,72,83,93,59,77,117
1:09,73,81,93,59,77,117
1:10,73,83,93,59,77,115
1:11,72,82,93,59,77,116
1:12,71,82,93,58,76,115
1:13,72,82,93,55,72,108
1:14,72,82,93,55,71,106
1:15,71,82,92,56,72,109
1:16,71,83,93,55,71,106
1:17,71,83,92,54,70,104
1:18,72,83,92,54,70,103
1:19,72,82,93,56,72,105
1:20,71,83,92,54,68,100
1:21,71,83,93,56,71,104
1:22,71,83,93,55,71,104
1:23,71,84,92,55,70,102
1:24,73,84,93,58,73,107
1:25,72,83,92,55,69,100
1:26,72,84,93,56,71,103
1:27,71,83,92,57,71,104
1:28,71,83,93,55,69,101
1:29,72,83,93,58,73,106
1:30,71,83,93,55,70,102
1:31,72,84,93,56,71,103
1:32,71,83,92,57,72,105
1:33,71,84,93,57,71,102
1:34,72,83,93,60,74,106
1:35,71,83,93,57,71,101
1:36,72,83,93,57,72,102
1:37,72,81,93,57,72,102
1:38,72,82,93,57,72,102
1:39,71,83,93,57,72,105
1:40,71,82,92,55,71,104
1:41,71,83,92,54,69,101
1:42,71,82,92,56,71,103
1:43,70,83,92,54,69,101
1:44,71,84,92,54,68,100
1:45,72,83,92,54,69,100
1:46,72,83,92,54,68,99
1:47,71,83,93,56,72,106
1:48,72,83,93,54,69,101
1:49,72,83,93,54,69,101
1:50,72,83,93,55,71,104
1:51,71,83,93,55,70,103
1:52,72,83,93,58,74,107
1:53,72,82,93,56,71,104
1:54,73,82,93,56,71,104
1:55,71,82,93,58,74,109
1:56,72,83,93,56,72,105
1:57,72,83,93,58,74,109
1:58,71,84,92,56,72,106
1:59,72,84,92,56,71,105
2:00,72,83,93,56,72,107
2:01,72,85,93,56,71,105
2:02,72,84,93,56,72,105
2:03,72,84,93,55,71,105
2:04,71,84,93,55,71,106
2:05,73,84,93,60,76,113
2:06,72,83,93,56,72,108
2:07,71,84,93,56,72,105
2:08,72,82,93,56,74,112
2:09,72,80,93,55,72,109
2:10,71,83,93,57,75,101
2:11,72,82,93,55,72,106
2:12,72,81,93,55,71,105
2:13,72,83,93,58,76,112
2:14,71,82,93,54,70,103
2:15,72,83,93,54,69,102
2:16,71,82,93,56,71,105
2:17,71,85,93,54,69,101
2:18,71,85,93,55,69,100
2:19,71,83,93,54,69,101
2:20,71,83,93,53,67,97
2:21,71,85,93,53,66,95
2:22,72,85,93,54,68,98
2:23,72,84,93,54,68,98
2:24,72,85,93,53,67,97
2:25,73,85,93,54,68,98
2:26,72,86,93,55,70,100
2:27,71,85,93,54,68,98
2:28,71,85,93,54,68,99
2:29,72,86,93,55,68,98
2:30,72,85,93,53,67,97
2:31,72,85,93,53,67,98
2:32,72,86,93,53,67,97
2:33,72,85,93,54,69,99
2:34,72,86,93,53,67,97
2:35,72,86,93,53,67,97
2:36,71,84,93,57,71,103
2:37,72,80,92,56,73,106
2:38,71,80,91,48,65,94
2:39,72,83,92,47,62,90
2:40,72,83,92,51,66,94
2:41,71,83,92,51,67,97
2:42,72,83,92,NA,90,NA
2:43,72,84,92,53,69,99
2:44,73,83,92,51,67,97
2:45,72,83,92,52,69,100
2:46,72,83,92,52,68,100
2:47,73,83,93,53,71,104
2:48,72,82,93,52,70,104
2:49,72,82,93,52,69,103
2:50,73,82,93,53,69,103
2:51,72,82,93,51,68,101
2:52,72,82,93,53,70,105
2:53,73,83,93,53,70,105
2:54,72,82,93,53,70,106
2:55,72,82,93,53,70,106
2:56,72,81,93,53,70,107
2:57,72,82,93,52,70,106
2:58,72,81,93,52,70,106
2:59,72,82,93,52,69,104
3:00,72,81,93,53,70,107
3:01,72,82,93,54,72,110
3:02,73,82,93,52,70,105
3:03,73,83,93,52,69,103
3:04,72,82,93,52,69,103
3:05,72,83,93,52,69,104
3:06,72,82,93,50,66,99
3:07,71,82,93,50,66,98
3:08,72,82,93,51,67,100
3:09,72,83,93,51,67,99
3:10,73,83,93,51,67,99
3:11,72,82,93,51,67,99
3:12,73,83,93,52,68,102
3:13,73,83,93,52,68,100
3:14,73,83,93,51,67,100
3:15,73,84,93,52,69,103
3:16,72,81,93,52,69,104
3:17,72,82,93,51,68,101
3:18,73,82,93,52,68,103
3:19,72,82,93,50,67,99
3:20,72,83,93,51,67,99
3:21,72,82,93,51,68,100
3:22,73,83,93,51,67,100
3:23,73,82,93,50,67,100
3:24,73,82,93,50,67,101
3:25,72,82,93,50,67,101
3:26,73,82,93,51,68,102
3:27,72,83,93,50,67,99
3:28,72,82,93,52,70,104
3:29,72,83,93,51,68,102
3:30,72,85,93,51,68,102
3:31,72,84,93,49,66,99
3:32,73,85,93,49,66,99
3:33,72,85,93,49,65,98
3:34,73,86,93,50,68,103
3:35,74,86,93,50,68,104
3:36,74,86,93,52,70,108
3:37,73,86,93,50,68,104
3:38,75,88,93,52,69,105
3:39,74,87,93,53,71,112
3:40,74,87,93,51,69,105
3:41,74,87,93,51,69,105
3:42,75,88,94,52,70,106
3:43,74,88,94,52,70,107
3:44,76,87,94,52,70,108
3:45,74,89,94,52,71,109
3:46,75,89,94,54,72,110
3:47,76,89,94,53,72,110
3:48,75,89,94,52,71,109
3:49,75,89,94,55,74,115
3:50,75,90,94,54,73,112
3:51,76,88,94,53,72,111
3:52,75,89,94,53,72,111
3:53,75,89,94,52,71,110
3:54,76,89,94,52,71,109
3:55,74,89,94,52,71,109
3:56,75,89,93,52,70,107
3:57,76,88,93,54,73,113
3:58,75,88,93,52,71,111
3:59,75,88,94,52,70,108
4:00,75,88,93,51,69,105
4:01,75,88,93,52,71,110
4:02,75,88,93,52,70,107
4:03,75,87,93,50,67,103
4:04,76,88,93,51,68,104
4:05,74,86,93,53,71,109
4:06,74,87,93,52,70,109
4:07,75,87,93,55,74,116
4:08,74,86,94,52,71,110
4:09,75,87,93,54,73,112
4:10,73,82,94,51,70,113
4:11,73,82,93,48,65,102
4:12,73,82,93,52,70,109
4:13,74,84,93,48,64,98
4:14,74,84,93,50,67,101
4:15,74,84,93,52,69,105
4:16,74,84,93,52,68,105
4:17,74,83,93,50,67,101
4:18,74,84,93,49,65,99
4:19,73,85,93,52,68,104
4:20,74,84,93,50,66,100
4:21,74,84,93,49,64,96
4:22,73,84,93,50,67,100
4:23,73,83,93,50,65,99
4:24,73,85,93,51,66,98
4:25,73,85,93,51,66,98
4:26,74,85,93,51,66,98
4:27,75,85,93,52,68,101
4:28,74,85,93,51,67,99
4:29,74,85,93,51,67,102
4:30,74,85,93,52,69,103
4:31,74,86,93,51,68,103
4:32,75,86,93,52,68,102
4:33,74,85,93,52,69,104
4:34,75,85,93,52,69,104
4:35,74,84,93,52,70,107
4:36,75,85,93,52,70,106
4:37,75,85,94,53,70,107
4:38,74,85,94,52,70,106
4:39,74,85,94,52,69,105
4:40,74,85,93,53,70,106
4:41,74,84,94,53,70,107
4:42,74,85,93,53,71,108
4:43,75,84,93,54,72,109
4:44,74,84,93,53,71,108
4:45,74,84,93,55,72,109
4:46,75,83,94,52,70,108
4:47,73,83,93,51,69,106
4:48,73,84,93,53,71,111
4:49,74,83,93,51,68,104
4:50,73,84,93,52,70,108
4:51,73,83,93,52,70,107
4:52,74,83,93,52,70,106
4:53,73,84,93,52,69,104
4:54,74,84,93,51,69,106
4:55,74,83,93,50,67,101
4:56,73,84,93,52,69,106
4:57,73,84,93,49,65,100
4:58,73,84,93,51,68,102
4:59,73,84,93,50,66,101
5:00,73,85,93,51,67,103
5:01,73,84,93,53,70,108
5:02,74,83,93,51,68,105
5:03,73,83,94,51,69,107
5:04,73,85,94,53,71,109
5:05,73,89,94,53,71,108
5:06,74,87,94,53,72,109
5:07,73,85,93,52,69,107
5:08,73,84,94,53,71,110
5:09,73,84,93,54,73,113
5:10,73,85,94,53,71,110
5:11,73,85,94,53,70,107
5:12,73,85,94,52,71,111
5:13,73,85,94,52,70,107
5:14,74,85,93,53,72,112
5:15,75,86,94,52,69,107
5:16,75,87,94,54,72,110
5:17,75,86,94,51,68,104
5:18,74,86,94,52,69,105
5:19,74,87,94,54,72,110
5:20,75,86,94,52,69,105
5:21,75,84,93,52,70,106
5:22,74,84,93,53,71,109
5:23,74,85,93,54,72,112
5:24,74,86,93,53,71,108
5:25,74,84,93,51,68,104
5:26,73,84,93,54,71,110
5:27,73,84,93,52,70,107
5:28,75,85,94,53,71,109
5:29,74,83,94,52,70,107
5:30,74,85,93,54,73,112
5:31,74,84,94,54,72,113
5:32,74,84,94,54,74,117
5:33,75,84,94,51,69,107
5:34,74,84,94,52,71,110
5:35,74,85,94,52,69,108
5:36,74,83,93,52,70,111
5:37,73,83,94,50,69,109
5:38,74,83,94,52,70,111
5:39,73,80,95,51,70,115
5:40,73,83,94,52,70,111
5:41,74,84,93,50,68,106
5:42,74,83,94,51,69,107
5:43,74,84,94,47,67,106
5:44,73,83,94,46,63,101
5:45,73,85,94,45,61,98
5:46,75,86,94,49,67,107
5:47,74,84,94,51,68,108
5:48,73,83,94,54,73,118
5:49,73,83,94,54,74,119
5:51,73,83,95,NA,168,NA
5:52,73,83,95,53,73,119
5:53,73,82,95,54,75,121
5:54,73,83,94,52,72,114
5:55,73,84,95,53,72,116
5:56,73,84,94,54,74,118
5:57,74,84,94,54,73,118
5:58,73,82,95,55,77,122
5:59,73,83,94,52,72,115
6:00,74,83,94,53,73,117
6:01,71,81,94,58,75,121
6:02,72,88,93,62,82,128
6:03,71,83,93,57,76,119
6:04,73,84,93,57,77,117
6:05,73,82,93,53,72,112
6:06,72,84,93,58,77,117
6:07,72,83,94,56,76,118
6:08,73,83,93,57,77,121
6:09,73,84,94,57,78,121
6:10,73,84,94,55,75,119
6:11,73,84,94,55,75,117
6:12,72,84,94,55,76,120
6:13,73,84,95,55,75,118
6:14,73,85,94,57,78,122
6:15,74,84,95,54,75,119
6:16,73,85,95,54,73,116
6:17,73,84,95,56,77,123
6:18,74,84,95,53,73,116
6:19,73,84,94,53,72,115
6:20,73,84,94,53,74,119
6:21,72,85,94,53,73,115
6:22,73,85,94,55,75,118
6:23,74,86,94,53,72,115
6:24,74,86,94,52,73,118
6:25,74,86,95,53,72,116
6:26,74,85,95,51,70,111
6:27,74,87,94,53,71,114
6:28,74,86,94,53,72,116
6:29,73,86,94,53,73,115
6:30,73,85,95,53,73,118
6:31,73,85,95,53,73,118
6:32,73,86,94,56,76,122
6:33,74,86,95,54,73,116
6:34,73,86,95,54,72,115
6:35,73,88,94,55,73,116
6:36,73,86,95,53,72,113
6:37,73,87,94,53,72,115
6:38,73,85,95,52,71,113
6:39,72,87,94,54,72,113
6:40,72,87,95,52,70,110
6:41,74,87,94,53,70,110
6:42,72,87,95,54,71,110
6:43,73,87,95,53,70,110
6:44,73,88,94,53,70,108
6:45,74,87,94,51,67,103
6:46,72,87,93,53,71,108
6:47,73,88,93,52,69,107
6:48,73,87,94,53,69,105
6:49,72,88,93,52,69,104
6:50,74,88,93,51,67,101
6:51,73,88,93,51,66,99
6:52,73,88,93,49,65,98
6:53,73,88,93,53,71,107
6:54,74,90,93,51,68,104
6:55,73,88,93,49,65,100
6:56,74,88,93,52,68,105
6:57,73,89,93,52,68,104
6:58,74,89,93,52,68,105
6:59,75,88,94,53,71,108
7:00,73,88,94,53,70,109
7:01,73,87,94,52,69,108
7:02,74,88,94,53,71,110
7:03,73,87,94,52,70,108
7:04,73,89,94,54,71,110
7:05,74,88,93,52,70,109
7:06,74,88,94,53,71,110
7:07,75,88,93,53,71,112
7:08,74,88,94,53,70,109
7:09,74,89,94,53,70,108
7:10,74,88,94,53,70,107
7:11,74,88,94,52,69,105
7:12,74,88,93,54,72,112
7:13,74,88,94,54,71,110
7:14,73,87,94,52,69,105
7:15,73,88,93,53,70,108
7:16,73,88,94,53,70,106
7:17,73,89,93,53,70,108
7:18,74,88,93,52,70,106
7:19,74,87,93,53,71,109
7:20,72,87,94,52,70,107
7:21,73,88,94,51,68,104
7:22,74,87,93,52,68,104
7:23,73,87,93,52,68,103
7:24,74,87,93,52,68,104
7:25,72,88,94,51,68,103
7:26,74,88,93,52,70,106
7:27,73,86,93,52,70,107
7:28,74,87,94,52,69,108
7:29,74,87,94,52,70,109
7:30,73,87,93,54,73,115
7:31,73,85,94,52,71,112
7:32,74,86,93,54,71,109
7:33,73,84,93,57,76,121
7:34,72,86,93,54,73,113
7:35,73,85,94,57,76,121
7:36,74,84,93,58,78,123
7:37,72,85,93,59,80,124
7:38,73,85,93,60,81,130
7:39,73,87,93,58,78,123
7:40,73,90,93,61,82,125
7:41,74,89,93,58,78,118
7:42,74,92,93,57,76,114
7:43,75,92,93,58,76,113
7:44,75,90,92,59,77,114
7:45,74,93,92,59,77,115
7:46,75,90,93,57,74,110
7:47,73,91,93,57,75,111
7:48,74,91,92,60,79,120
7:49,75,90,93,57,75,112
7:50,74,88,93,58,78,120
7:51,75,90,93,58,77,115
7:52,74,88,93,55,72,108
7:53,74,89,93,60,80,122
7:54,74,89,94,59,78,119
7:55,75,90,94,56,74,111
7:56,74,89,93,57,75,112
7:57,74,90,93,58,77,116
7:58,75,88,94,54,72,109
7:59,74,90,94,56,75,113
8:00,75,89,93,57,75,113
8:01,73,89,94,56,74,110
8:02,74,90,94,54,72,108
8:03,73,89,93,55,72,107
8:04,74,89,94,55,72,106
8:05,73,90,93,56,74,112
8:06,75,90,94,56,73,109
8:07,74,89,93,56,73,109
8:08,73,90,94,56,74,111
8:09,73,90,93,57,75,113
8:10,73,89,95,58,77,116
8:11,74,89,95,56,73,110
8:12,74,90,95,56,74,112
8:13,74,89,94,57,76,112
8:14,73,90,94,55,72,108
8:15,73,90,95,58,76,114
8:16,75,89,94,55,72,107
8:17,73,90,94,58,76,112
8:18,73,90,94,57,75,112
8:19,72,90,93,56,72,108
8:20,72,86,94,53,72,110
8:21,72,88,94,56,72,107
8:22,72,85,95,54,71,108
8:23,74,87,94,54,71,107
8:24,74,87,94,57,75,110
8:25,74,89,95,57,76,112
8:26,73,88,96,54,70,104
8:27,74,88,96,56,73,109
8:28,72,88,95,58,75,113
8:29,73,87,95,59,76,113
8:30,73,87,94,58,76,114
8:31,74,86,97,57,75,117
8:32,72,86,95,57,75,113
8:33,73,84,94,54,73,117
8:34,73,83,96,56,76,122
8:35,73,87,96,55,75,119
8:36,74,87,96,52,71,112
8:37,73,86,97,54,73,115
8:38,73,86,96,52,72,114
8:39,73,87,96,52,71,114
8:40,73,87,96,53,72,115
8:41,73,87,95,54,73,116
8:42,72,86,96,53,72,116
8:43,73,86,96,51,69,109
8:44,73,86,96,53,72,114
8:45,73,86,96,53,72,114
8:46,72,87,97,53,72,115
8:47,73,87,97,52,72,114
8:48,73,87,97,53,72,116
8:49,74,86,95,52,72,113
8:50,73,87,96,51,70,111
8:51,73,86,95,54,74,117
8:52,73,88,95,55,74,119
8:53,73,88,97,53,72,116
8:54,73,88,95,56,76,122
8:55,73,88,96,54,73,117
8:56,73,87,96,53,73,117
8:57,73,87,96,55,74,118
8:58,73,87,96,53,71,113
8:59,73,87,97,54,72,115
9:00,73,88,96,54,71,113
9:01,73,87,96,54,73,115
9:02,72,87,96,55,73,117
9:03,70,85,95,53,72,117
9:04,71,88,95,52,69,111
9:05,71,89,95,51,69,111
9:06,71,89,96,50,67,108
9:07,71,90,95,52,71,113
9:08,71,89,94,50,67,107
9:09,70,91,95,51,70,111
9:10,71,90,95,48,65,103
9:11,71,91,94,49,66,107
9:12,71,92,94,50,66,107
9:13,71,91,95,48,65,106
9:14,70,90,95,48,65,106
9:15,72,92,94,50,68,112
9:16,72,92,95,50,68,112
9:17,71,92,96,51,69,115
9:18,71,91,95,50,67,111
9:19,72,93,96,54,73,119
9:20,72,92,96,52,71,117
9:21,72,93,95,52,71,116
9:22,71,94,95,52,70,115
9:23,71,93,95,50,68,111
9:24,71,94,95,52,71,116
9:25,71,93,95,51,69,112
9:26,71,93,95,49,65,106
9:27,71,93,94,48,64,106
9:28,72,92,94,50,67,109
9:29,72,93,95,50,67,109
9:30,72,93,95,49,65,106
9:31,72,94,94,52,70,114
9:32,72,94,95,49,66,108
9:33,72,93,95,50,67,109
9:34,72,94,95,51,68,109
9:35,73,92,94,49,67,109
9:36,71,94,95,50,65,105
9:37,71,94,94,50,68,110
9:38,71,91,95,46,62,101
9:39,71,92,96,50,66,108
9:40,72,93,95,48,65,106
9:41,72,95,95,52,70,115
9:42,72,92,95,48,65,107
9:43,72,93,95,53,72,119
9:44,73,94,95,55,73,119
9:45,72,93,95,49,67,110
9:46,72,95,94,50,67,111
9:47,72,94,95,49,66,108
9:48,71,94,95,49,66,108
9:49,71,95,95,49,66,109
9:50,72,95,95,48,65,108
9:51,72,95,95,50,69,115
9:52,72,95,95,49,67,112
9:53,71,95,95,50,68,113
9:54,72,95,95,50,68,113
9:55,72,95,96,49,66,111
9:56,72,96,95,49,67,112
9:57,72,97,95,50,67,110
9:58,73,97,95,49,66,108
9:59,72,96,95,48,64,106
10:00,71,95,95,47,64,106
10:01,72,96,94,49,66,111
10:02,72,96,95,50,66,111
10:03,72,95,95,49,65,111
10:04,72,95,95,48,64,107
10:05,72,95,96,48,64,107
10:06,72,96,96,50,68,114
10:07,73,94,96,48,65,110
10:08,72,95,95,51,69,116
10:09,71,96,96,50,66,111
10:10,73,96,96,51,68,113
10:11,72,94,96,49,66,109
10:12,73,94,96,49,66,111
10:13,73,95,96,50,68,113
10:14,72,96,96,49,66,109
10:15,71,94,96,48,65,108
10:16,73,95,95,50,67,113
10:17,72,94,96,49,66,112
10:18,72,95,96,49,67,113
10:19,72,95,95,49,67,114
10:20,71,95,96,49,67,114
10:21,71,95,96,51,68,116
10:22,72,93,96,50,68,115
10:23,72,95,95,50,68,116
10:24,71,92,96,48,67,119
10:25,71,91,96,52,72,124
10:26,72,91,97,53,72,122
10:27,72,92,95,53,71,119
10:28,71,93,95,54,73,122
10:29,72,94,95,52,70,117
10:30,72,94,94,53,71,120
10:31,73,95,95,55,73,122
10:32,73,95,95,54,73,124
10:33,72,94,95,54,74,129
10:34,71,97,95,55,74,123
10:35,71,94,95,53,71,120
10:36,72,97,94,54,73,122
10:37,73,96,95,55,74,123
10:38,72,96,95,56,77,127
10:39,73,97,95,57,78,129
10:40,72,96,95,53,71,119
10:41,72,96,94,54,73,122
10:42,73,96,95,54,73,122
10:43,73,95,95,54,74,126
10:44,73,97,95,56,75,126
10:45,74,96,95,53,72,120
10:46,73,97,94,54,74,126
10:47,74,96,94,51,70,119
10:48,73,97,95,55,74,125
10:49,74,95,95,51,70,119
10:50,74,96,95,54,73,123
10:51,73,96,95,53,74,127
10:52,73,95,95,53,73,126
10:53,73,95,96,52,71,120
10:54,72,95,94,50,69,118
10:55,73,95,95,52,71,122
10:56,73,96,95,54,74,127
10:57,74,95,95,53,73,125
10:58,74,97,95,55,75,128
10:59,73,94,96,52,70,120
11:00,73,96,96,54,73,124
11:01,73,95,95,53,72,122
11:02,72,94,95,51,69,118
11:03,73,96,95,54,74,125
11:04,73,95,96,52,71,120
11:05,72,96,94,55,74,127
11:06,72,94,96,51,70,121
11:07,73,96,96,52,71,121
11:08,72,95,95,54,73,125
11:09,72,95,96,52,71,122
11:10,73,95,96,54,74,126
11:11,73,94,95,54,74,126
11:12,72,95,95,53,71,120
11:13,73,94,95,53,72,123
11:14,72,95,95,54,73,125
11:15,69,96,95,53,71,121
11:16,68,92,93,53,72,128
11:17,69,95,92,51,70,121
11:18,69,93,90,55,74,128
11:19,68,93,93,56,74,124
11:20,69,91,92,56,74,124
11:21,70,97,90,63,83,134
11:22,69,94,88,55,75,127
11:23,68,95,89,55,75,126
11:24,68,96,89,54,74,127
11:25,69,97,89,56,76,131
11:26,69,98,89,57,78,135
11:27,68,99,90,56,77,134
11:28,69,97,92,54,73,126
11:29,69,98,90,52,71,123
11:30,69,98,90,53,74,128
11:31,68,97,91,54,73,127
11:32,69,97,91,54,73,126
11:33,70,97,92,56,74,125
11:34,69,97,91,55,74,127
11:35,69,98,91,57,78,133
11:36,69,97,92,56,75,129
11:37,68,97,91,54,73,126
11:38,69,97,92,54,73,127
11:39,68,97,92,55,74,128
11:40,68,97,92,56,76,130
11:41,68,98,92,56,74,125
11:42,69,98,90,58,76,130
11:43,69,97,91,58,75,119
11:44,68,98,91,56,73,119
11:45,69,98,90,55,72,122
11:46,68,98,91,55,73,123
11:47,68,98,91,55,73,121
11:48,68,95,90,54,73,122
11:49,69,97,91,55,73,122
11:50,68,98,91,58,75,121
11:51,68,98,90,58,75,122
11:52,68,99,91,55,73,120
11:53,69,99,90,57,73,112
11:54,68,99,89,56,72,112
11:55,68,99,90,57,73,116
11:56,67,98,90,55,72,112
11:57,67,100,90,58,75,118
11:58,68,99,91,57,76,118
11:59,69,99,90,56,73,117
12:00,68,99,90,57,75,118
12:01,68,100,91,58,76,122
12:02,68,100,90,60,78,118
12:03,68,99,90,58,73,113
12:04,68,100,90,57,75,117
12:05,68,100,90,59,76,117
12:06,68,101,89,56,74,115
12:07,68,101,90,59,77,114
12:08,68,100,90,56,74,119
12:09,67,101,90,58,78,122
12:10,67,100,90,63,78,119
12:11,67,99,90,55,72,121
12:12,67,101,90,55,73,126
12:13,68,100,90,54,71,121
12:14,68,100,90,57,75,121
12:15,68,98,91,57,74,120
12:16,67,97,92,59,77,122
12:17,68,98,90,60,78,123
12:18,68,100,88,61,79,125
12:19,68,100,88,58,75,116
12:20,68,101,88,63,82,124
12:21,68,101,89,64,82,121
12:22,68,101,90,68,85,119
12:23,68,102,89,65,83,127
12:24,68,100,90,62,81,126
12:25,68,101,90,68,88,135
12:26,69,102,90,61,83,141
12:27,68,102,91,60,83,139
12:28,68,101,91,61,81,134
12:29,68,102,90,59,80,136
12:30,68,103,91,59,80,138
12:31,68,101,92,58,79,140
12:32,68,102,91,59,80,140
12:33,69,102,90,59,81,145
12:34,69,103,92,59,80,142
12:35,68,103,92,57,78,136
12:36,69,103,92,59,78,134
12:37,68,105,90,61,83,142
12:38,68,103,91,58,78,134
12:39,68,105,91,61,82,141
12:40,68,102,91,56,75,129
12:41,68,102,91,59,78,133
12:42,68,102,90,59,76,129
12:43,69,101,90,59,77,128
12:44,68,103,89,58,77,130
12:45,69,103,90,59,77,129
12:46,69,103,90,59,77,131
12:47,68,104,90,59,76,128
12:48,69,102,91,58,76,130
12:49,69,103,91,56,73,122
12:50,70,103,91,59,77,129
12:51,67,102,90,99,101,102
12:52,67,102,90,56,72,118
12:53,68,99,90,63,77,128
12:54,66,98,91,144,144,144
12:55,67,101,89,96,98,100
12:56,66,100,90,63,80,130
12:57,67,101,88,64,79,118
12:58,68,101,88,67,83,121
12:59,68,101,88,68,83,121
13:00,67,101,89,65,79,112
13:01,67,103,89,64,78,108
13:02,67,103,89,73,84,110
13:03,68,103,90,74,83,110
13:04,67,103,89,66,77,94
13:05,67,103,90,80,87,93
13:06,67,103,90,67,71,73
13:07,68,103,90,50,66,108
13:08,67,103,89,53,70,115
13:09,67,104,88,52,68,111
13:10,67,104,88,53,69,112
13:11,67,105,89,52,68,111
13:12,68,105,89,50,66,107
13:13,67,106,88,51,66,105
13:14,67,106,88,53,69,111
13:15,67,105,89,53,68,108
13:16,67,105,88,53,69,112
13:17,67,105,88,51,67,110
13:18,68,105,88,54,70,112
13:19,68,105,88,50,65,106
13:20,68,105,88,51,64,98
13:21,69,105,88,49,65,106
13:22,68,106,88,54,68,105
13:23,68,106,88,53,67,102
13:24,68,105,88,52,68,106
13:25,68,103,89,58,72,108
13:26,66,102,89,56,71,108
13:27,73,102,87,53,66,92
13:28,73,101,95,53,68,100
13:29,71,99,92,56,71,101
13:30,70,101,91,53,67,95
13:31,70,102,90,54,69,108
13:32,71,103,92,54,69,104
13:33,70,102,92,52,66,99
13:34,69,103,91,51,66,105
